{"country list": {"UNKNOWN": {"received": 0.9335195599999999, "balance": 0.03899002, "links": 10, "sent": 0.89452954}, "Tonga": {"received": 0.17848815, "balance": 0.00224, "links": 1, "sent": 0.17624815}, "Sweden": {"received": 71.90813808, "balance": 3.11312991, "links": 1, "sent": 68.79500817}}, "stats": {"max sent": 68.79500817, "max balance": 3.11312991, "total sent": 69.86578586, "max average balance": 3.11312991, "max links": 10, "min sent": 0.17624815, "max received": 71.90813808, "total number of links": 12, "min received": 0.17848815, "total received": 73.02014579000002, "min average balance": 0.00224, "total balance": 3.15435993, "min links": 1, "min balance": 0.00224}}