{"country list": {"UNKNOWN": {"balance": 0.03899002}, "Tonga": {"balance": 0.00224}, "Sweden": {"balance": 3.11312991}}, "stats": {"max balance": 3.11312991, "min balance": 0.00224, "total balance": 3.15435993}}