{"language list": {"en": {"received": 73.02014579000002, "balance": 3.15435993, "links": 12, "sent": 69.86578586}, "sv": {"received": 71.90813808, "balance": 3.11312991, "links": 1, "sent": 68.79500817}}, "stats": {"max sent": 69.86578586, "max balance": 3.15435993, "total sent": 138.66079403, "max average balance": 3.11312991, "max links": 12, "min sent": 68.79500817, "max received": 73.02014579000002, "total number of links": 13, "min received": 71.90813808, "total received": 144.92828387, "min average balance": 0.2628633275, "total balance": 6.2674898400000005, "min links": 1, "min balance": 3.11312991}}