{"language list": {"en": {"balance": 3.15435993}, "sv": {"balance": 3.11312991}}, "stats": {"max balance": 3.15435993, "min balance": 3.11312991, "total balance": 6.2674898400000005}}