{"language list": {"en": {"balance": 0.04442077}}, "stats": {"max balance": 0.04442077, "min balance": 0.04442077, "total balance": 0.04442077}}